Dave Mustaine,Nuclear Disarmament,2013-11-14,1400
Dave Mustaine,Nuclear Disarmament,2013-11-14,1400
Dave Mustaine,Nuclear Disarmament,2013-11-14,1400
Dave Mustaine,Nuclear Disarmament,2013-11-14,1400
Dave Mustaine,Nuclear Disarmament,2013-11-14,1400
Dave Mustaine,Nuclear Disarmament,2013-11-14,1400
Dave Mustaine,Nuclear Disarmament,2013-11-14,1400
Dave Mustaine,Nuclear Disarmament,2013-11-14,1400
Dave Mustaine,Nuclear Disarmament,2013-11-14,1400
Dave Mustaine,Nuclear Disarmament,2013-11-14,1400
Dave Mustaine,Nuclear Disarmament,2013-11-14,1400
Dave Mustaine,Nuclear Disarmament,2013-11-14,1400
